idPedido,idCliente,legajoEmpleado,idProducto,nombreProducto,cantidadProducto,precioUnitario,anio,mes,dia
1,154,1,76867,7UP,4,10611.65,2018,1,1
2,355,1,93954,7UP Cero Azúcar,2,5017.84,2018,1,3
3,449,1,75549,A&W Cero Azúcar,1,11725.39,2018,1,6
4,450,3,27842,A&W Root Beer,5,14800.88,2018,1,8
5,450,3,98469,Abrillantador de muebles,4,14592.04,2018,1,18
6,475,2,78167,Absenta,6,8957.81,2018,1,19
7,623,1,69643,Aceite de cacahuete,3,6756.39,2018,1,22
8,740,4,96771,Aceite de canola,3,10469.1,2018,1,25
9,755,3,79747,Aceite de coco,1,5648.51,2018,1,26
10,980,1,99950,Aceite de girasol,3,9057.98,2018,1,26
11,284,3,32849,Aceite de oliva,5,1498.78,2018,2,5
12,381,2,44147,Aceite de oliva virgen extra,6,2717.33,2018,2,9
13,462,1,12005,Aceite de sésamo,4,14330.67,2018,2,9
14,487,2,27970,Aceite de trufa,4,8050.55,2018,2,10
15,550,1,54431,Aceite vegetal,6,12146.32,2018,2,10
16,639,4,26954,Aceitunas,2,7444.62,2018,2,12
17,874,4,93945,Agua con gas,2,3559.54,2018,2,24
18,16,3,76437,Agua embotellada,5,13082.82,2018,3,3
19,175,2,70943,Agua mineral,1,2566.18,2018,3,8
20,189,3,80015,Aguacate,1,2038.1,2018,3,8
21,200,3,68591,AHA Sparkling Water (Cítricos),6,165.24,2018,3,9
22,235,2,91481,AHA Sparkling Water (Durazno),2,1543.1,2018,3,11
23,353,4,46325,AHA Sparkling Water (Fresa),3,4467.1,2018,3,11
24,428,3,49196,AHA Sparkling Water (Jengibre),2,1531.98,2018,3,14
25,588,2,60572,Ajo,4,9521.58,2018,3,15
26,599,1,48425,Albahaca,1,11288.31,2018,3,17
27,610,2,65351,Albahaca tailandesa,3,5141.2,2018,3,19
28,630,1,51742,Alcachofas,3,4256.63,2018,3,19
29,638,2,76653,Alcaparras,6,13641.32,2018,3,19
30,640,4,35308,Algodón de azúcar,1,598.12,2018,3,20
31,718,1,87715,Almendras,4,5023.4,2018,3,21
32,898,2,74344,Almendras (frescas),3,827.38,2018,3,27
33,926,1,87591,Alubias blancas,4,6439.4,2018,3,30
34,96,1,64403,Amaretto,4,14706.7,2018,4,2
35,206,3,67608,Amaretto sour,3,5004.45,2018,4,7
36,229,3,36316,Ambientador,6,11849.22,2018,4,11
37,248,2,21782,Aperol Spritz,6,8368.42,2018,4,12
38,283,1,21247,Apio,5,4394.15,2018,4,13
39,305,2,33773,Apio nabo,1,10073.15,2018,4,17
40,317,3,52860,Arándanos,3,4910.16,2018,4,22
41,368,1,55703,Arroz,2,13250.73,2018,4,24
42,563,2,63032,Arroz basmati,1,13938.17,2018,4,26
43,575,1,60305,Arroz integral,4,14496.99,2018,4,26
44,656,4,25115,Arroz jazmín,1,6122.21,2018,4,27
45,727,1,52459,Arroz para risotto,3,5565.71,2018,4,29
46,760,4,63035,Arroz para sushi,5,167.4,2018,4,29
47,32,4,89693,Atún enlatado,6,3363.22,2018,5,4
48,102,2,40172,Avena,5,2032.4,2018,5,7
49,162,1,39781,Azúcar,6,12145.89,2018,5,7
50,199,4,64019,Azúcar blanco,5,8806.77,2018,5,8
51,405,1,96196,Azúcar glas,4,14510.1,2018,5,8
52,415,4,87063,Azúcar moreno,5,793.94,2018,5,21
53,425,4,16487,Bai Bubbles (Cítricos),3,2531.22,2018,5,21
54,530,3,46878,Bai Bubbles (Moras),4,2876.41,2018,5,23
55,790,4,90851,Baijiu,3,2195.98,2018,5,24
56,931,3,79286,Barq's Root Beer,3,13534.24,2018,5,25
57,74,4,70480,Barritas de granola,6,13145.38,2018,6,1
58,135,2,76579,Barritas energéticas,6,11664.92,2018,6,2
59,147,3,67378,Bebidas carbonatadas,6,1045.94,2018,6,3
60,180,1,31508,Bebidas deportivas,3,539.91,2018,6,8
61,190,2,46054,Bebidas en polvo,6,4277.99,2018,6,8
62,311,2,23996,Bebidas energéticas,2,12968.2,2018,6,11
63,451,3,47312,Bebidas gaseosas,6,13193.26,2018,6,11
64,543,2,55031,Bellini,1,9954.66,2018,6,13
65,636,4,90115,Berenjena blanca,3,8113.62,2018,6,13
66,647,1,78683,Berenjena japonesa,2,14154.08,2018,6,15
67,689,3,13773,Berenjenas,5,7694.45,2018,6,17
68,711,1,37042,Berros,6,7254.27,2018,6,25
69,724,4,35207,Betabel (remolacha),1,8547.89,2018,6,26
70,751,1,23006,Black Russian,3,8987.11,2018,6,29
71,768,1,71464,Blue Hawaii,5,4917.03,2018,6,30
72,817,1,83046,Blue Lagoon,6,4653.42,2018,6,30
73,819,2,82267,Bolsas de basura,1,7337.34,2018,6,30
74,68,3,24684,Bourbon,5,6074.8,2018,7,1
75,119,3,74756,Bramble,2,13210.44,2018,7,2
76,202,3,39879,Brandy,6,11179.24,2018,7,5
77,246,3,53384,Brócoli,1,9645.54,2018,7,10
78,351,1,29421,Brotes de bambú,3,14971.66,2018,7,11
79,408,2,54673,Cacahuetes,4,4012.45,2018,7,14
80,629,1,29787,Cacao en polvo,6,3228.91,2018,7,17
81,675,4,72989,Café,5,11124.67,2018,7,18
82,939,2,54828,Café molido,3,2060.94,2018,7,18
83,1000,4,22807,Caipirinha,5,4875.69,2018,7,26
84,19,4,88627,Calabacín,6,12462.75,2018,8,3
85,32,3,11485,Calabazas,4,11574.75,2018,8,5
86,52,3,19937,Caldo de pollo,3,2761.67,2018,8,7
87,56,4,73703,Caldo de res,5,3420.3,2018,8,8
88,62,1,79103,Caldo de verduras,2,3278.87,2018,8,12
89,97,2,57368,Caldo en cubos,6,14843.46,2018,8,13
90,120,2,73678,Caldo en polvo,6,7007.6,2018,8,18
91,121,3,68983,Canada Dry,5,3960.22,2018,8,20
92,130,2,50046,Canada Dry Cero Azúcar,3,5851.91,2018,8,20
93,277,2,76752,Canada Dry Ginger Ale,5,7543.58,2018,8,22
94,357,4,41252,Canada Dry Tonic Water,4,14076.6,2018,8,23
95,587,1,51036,Canónigos,6,11837.11,2018,8,25
96,717,2,91685,Cape Codder,5,8172.04,2018,8,25
97,789,1,46929,Castañas,2,1081.8,2018,8,25
98,836,3,45509,Castañas de agua,3,7033.96,2018,8,26
99,899,4,75154,Cebollas,1,5732.88,2018,8,29
100,111,3,34063,Cebollitas de verdeo,6,3305.46,2018,9,8
101,200,4,50132,Cepillo para fregar,2,14134.06,2018,9,8
102,236,3,23742,Cerdo,6,10337.83,2018,9,14
103,500,3,59403,Cereales,2,12501.97,2018,9,16
104,502,4,32174,Cereales para desayuno,3,8430.05,2018,9,18
105,601,2,95653,Cereza,5,11360.37,2018,9,23
106,643,2,87238,Cerveza,6,13453.81,2018,9,25
107,722,3,35066,Cerveza ale,1,5888.47,2018,9,27
108,879,1,21842,Cerveza alemana,2,13134.22,2018,9,28
109,923,1,16476,Cerveza artesanal,2,14252.04,2018,9,30
110,42,1,79471,Cerveza belga,6,12665.52,2018,10,3
111,126,3,22513,Cerveza de frutas,3,9365.31,2018,10,4
112,252,1,31542,Cerveza de jengibre,3,509.22,2018,10,7
113,261,2,25897,Cerveza de trigo,6,13784.66,2018,10,9
114,307,4,12685,Cerveza escocesa,3,9657.97,2018,10,10
115,325,3,29698,Cerveza india,4,9610.08,2018,10,14
116,350,1,90054,Cerveza IPA (India Pale Ale),1,7582.35,2018,10,14
117,376,3,79545,Cerveza lager,3,12057.52,2018,10,17
118,380,3,27386,Cerveza mexicana,2,14104.33,2018,10,18
119,470,2,63279,Cerveza negra,6,8826.75,2018,10,19
120,794,4,94405,Cerveza porter,2,4347.92,2018,10,22
121,894,2,12491,Cerveza sin alcohol,4,3930.29,2018,10,25
122,29,2,97617,Cerveza stout,4,9198.88,2018,11,3
123,129,1,46732,Champán,6,7402.09,2018,11,9
124,168,2,22697,Champiñones,5,7373.35,2018,11,10
125,216,4,52930,Cheerwine,2,7816.98,2018,11,11
126,405,1,19349,Cheerwine Cero Azúcar,2,14052.87,2018,11,14
127,502,3,76165,Chiles chipotles,3,12596.07,2018,11,15
128,568,3,78937,Chiles habaneros,2,2727.88,2018,11,17
129,595,4,70634,Chiles poblanos,1,14315.59,2018,11,17
130,803,4,45979,Chiles serranos,6,11757.55,2018,11,20
131,920,2,12251,Chips de tortilla,1,1510.09,2018,11,20
132,191,3,71851,Chocolate en polvo,3,380.38,2018,12,3
133,283,1,13885,Chocolate para derretir,6,6349.73,2018,12,7
134,392,4,77202,Chocolates,1,6735.13,2018,12,10
135,394,1,23588,Cilantro,5,2752.66,2018,12,12
136,416,3,37058,Ciruelas,3,1028.28,2018,12,12
137,435,3,20415,Clericot,1,2231.44,2018,12,16
138,580,3,54797,Coca-Cola,2,11243.22,2018,12,18
139,592,4,43257,Coca-Cola Caffeine Free,5,9179.38,2018,12,19
140,601,3,88577,Coca-Cola Cero Azúcar,6,7868.98,2018,12,21
141,791,4,20997,Coca-Cola Cherry,3,8035.71,2018,12,28
142,5,4,69912,Coca-Cola Light,6,6812.76,2019,1,6
143,20,4,61018,Coca-Cola Vanilla,1,6838.66,2019,1,7
144,24,3,76077,Coca-Cola Zero,1,11615.52,2019,1,15
145,31,3,11387,Coco rallado,1,5173.9,2019,1,16
146,51,4,85917,Cognac,3,1869.33,2019,1,16
147,79,4,90797,Col rizada (kale),2,4736.25,2019,1,19
148,90,1,66602,Coliflor,1,3667.87,2019,1,21
149,92,3,83970,Cosmopolitan,5,8883.37,2019,1,26
150,96,4,15083,Crema de almendra,5,7933.42,2019,1,28
151,96,4,70958,Crema de cacahuate,6,10428.46,2019,1,29
152,103,1,40701,Croissants,2,5848.39,2019,1,29
153,111,4,52281,Crush Fresa,1,11114.69,2019,2,1
154,123,3,88269,Crush Naranja,5,12753.12,2019,2,3
155,134,4,52455,Crush Piña,1,10103.23,2019,2,3
156,147,3,62274,Crush Uva,6,12180.06,2019,2,4
157,148,4,40765,Curaçao,4,3036.01,2019,2,8
158,149,1,30208,Cúrcuma,4,13885.46,2019,2,11
159,158,2,48279,Cuscús,2,12174.24,2019,2,13
160,168,4,41875,Daiquiri,2,6804.08,2019,2,21
161,169,1,58692,Descalcificador,4,2552.5,2019,2,22
162,186,2,37569,Desinfectante en spray,1,4919.27,2019,2,23
163,188,1,99092,Desinfectante para manos,5,2988.37,2019,2,27
164,204,2,59123,Desodorante de tela,4,5609.66,2019,3,4
165,205,1,81181,Detergente en polvo para ropa,6,182.44,2019,3,5
166,207,1,11016,Detergente líquido para ropa,6,11434.39,2019,3,5
167,208,2,22831,Detergente para lavavajillas,6,6967.91,2019,3,7
168,214,3,21532,Detergente para limpieza en seco,4,9879.38,2019,3,7
169,218,4,79958,Disolvente,6,14588.64,2019,3,21
170,222,3,44354,Dr. Pepper,3,1200.76,2019,3,22
171,239,3,41743,Dr. Pepper Cero Azúcar,1,324.03,2019,3,23
172,241,4,48417,Dulces,6,14568.8,2019,3,25
173,277,2,69340,Duraznos,5,6366.75,2019,3,25
174,293,3,20391,Empanadas,3,9915.79,2019,3,26
175,304,4,83936,Endibias,5,14450.32,2019,3,28
176,322,4,99657,Ensalada de atún,2,8862.49,2019,3,28
177,322,1,45769,Ensalada de pollo,4,11844.14,2019,4,3
178,338,2,47312,Escarola,4,2776.77,2019,4,11
179,343,2,42114,Espaguetis,4,10574.54,2019,4,12
180,345,4,56820,Especias (ajo en polvo),5,14352.19,2019,4,15
181,351,4,95184,Especias (canela),5,9107.57,2019,4,15
182,375,4,96596,Especias (cebolla en polvo),1,11599.26,2019,4,22
183,385,2,45336,Especias (comino),3,3562.69,2019,4,24
184,386,3,37361,Especias (cúrcuma),1,8570.52,2019,4,29
185,393,3,23136,Especias (orégano),4,4362.8,2019,4,29
186,394,1,49261,Especias (paprika),3,8017.71,2019,5,2
187,396,1,33671,Especias (pimienta),1,8361.79,2019,5,2
188,402,2,46344,Especias (romero),3,14293.97,2019,5,10
189,421,1,43548,Especias (tomillo),1,11744.84,2019,5,14
190,427,1,48912,Espinacas,1,2628.51,2019,5,18
191,430,2,27741,Esponjas,2,5820.97,2019,5,21
192,434,1,86014,Espresso martini,4,406.91,2019,5,21
193,442,3,65406,Estragón,5,8548.36,2019,5,22
194,465,2,12288,Estropajos,4,8881.67,2019,5,23
195,479,1,52888,Fanta Cero Azúcar,4,14783.26,2019,5,23
196,488,2,54162,Fanta Fresa,4,14055.16,2019,5,25
197,489,2,15384,Fanta Guaraná,3,7137.11,2019,5,25
198,490,1,46638,Fanta Limón,3,4458.27,2019,5,26
199,499,2,39208,Fanta Mango,5,10732.12,2019,5,29
200,515,2,98308,Fanta Naranja,4,7954.3,2019,5,29
201,519,1,18096,Fanta Piña,5,4427.53,2019,6,4
202,531,3,10786,Fanta Uva,3,3742.71,2019,6,4
203,544,4,24617,French 75,1,8480.29,2019,6,5
204,561,4,24274,Fresas,3,124.18,2019,6,7
205,561,1,41924,Frescolita,3,12128.65,2019,6,7
206,568,2,43277,Frescolita Cero Azúcar,4,14662.87,2019,6,8
207,578,1,37307,Frijoles,3,8019.45,2019,6,12
208,585,2,61557,Frijoles negros,3,118.67,2019,6,13
209,586,1,74655,Frijoles pintos,3,5830.01,2019,6,22
210,590,3,48161,Frijoles verdes,4,13079.47,2019,6,22
211,600,1,15740,Fruta de la pasión,3,11727.16,2019,6,25
212,608,3,16793,Fruta de la tierra,3,10442.02,2019,6,25
213,610,1,33878,Fruta deshidratada,4,10060.93,2019,6,26
214,613,1,42073,Fruta estrella,5,8439.39,2019,6,29
215,618,1,55883,Frutas enlatadas,5,740.57,2019,6,30
216,622,1,52555,Frutas enlatadas,5,4181.49,2019,6,30
217,639,1,45763,Frutas frescas,4,7544.71,2019,7,1
218,642,4,56474,Frutas secas,6,7758.4,2019,7,2
219,655,3,46601,Frutas secas (ciruelas pasas),3,159.29,2019,7,3
220,661,4,81268,Frutos secos,5,7076.36,2019,7,12
221,670,4,68043,Frutos secos (almendras),4,14114.24,2019,7,13
222,670,4,72893,Frutos secos (almendras),6,8371.74,2019,7,22
223,680,3,38258,Frutos secos (anacardos),3,10124.83,2019,7,23
224,697,4,57185,Frutos secos (nueces),5,845.36,2019,7,24
225,701,4,75782,Frutos secos (nueces),6,5818.26,2019,7,27
226,704,3,27271,Frutos secos (pecanas),4,11880.19,2019,8,27
227,704,1,38692,Frutos secos (pistachos),2,1337.56,2019,8,27
228,705,3,26891,Fusilli,2,6832.48,2019,8,30
229,710,3,93269,Fuzzy navel,1,2749.5,2019,9,2
230,725,1,52178,Galletas,4,13671.04,2019,9,6
231,740,1,21939,Galletas de almendra,4,1822.93,2019,9,6
232,744,4,12830,Galletas de arroz,5,6236.71,2019,9,7
233,746,4,93938,Galletas de avena,6,13413.21,2019,9,7
234,752,2,10799,Galletas de cacahuete,5,577.37,2019,9,8
235,758,4,35593,Galletas de cacao,4,8299.48,2019,9,9
236,758,1,89656,Galletas de caramelo,1,6070.2,2019,9,9
237,771,3,82889,Galletas de cereza,6,8577.0,2019,9,11
238,772,1,34291,Galletas de chocolate,3,8404.11,2019,9,14
239,791,2,24135,Galletas de chocolate blanco,4,5929.05,2019,9,14
240,792,2,95932,Galletas de chocolate blanco y frambuesa,1,1650.94,2019,9,16
241,803,4,25924,Galletas de chocolate con leche,6,14616.95,2019,9,22
242,804,4,57073,Galletas de chocolate con menta,1,12238.74,2019,9,23
243,807,3,39018,Galletas de chocolate con nueces,5,7566.83,2019,10,1
244,826,4,99579,Galletas de chocolate negro,5,8008.89,2019,10,2
245,832,3,77730,Galletas de chocolate y almendra,3,8524.93,2019,10,6
246,836,3,38211,Galletas de chocolate y avellana,1,14033.1,2019,10,8
247,844,1,19977,Galletas de chocolate y avena,4,9055.42,2019,10,10
248,847,1,81220,Galletas de chocolate y cacahuete,5,10016.22,2019,10,13
249,853,3,44138,Galletas de chocolate y café,5,8160.15,2019,10,17
250,859,2,59896,Galletas de chocolate y canela,6,10707.35,2019,10,21
251,862,4,86825,Galletas de chocolate y caramelo,3,1262.86,2019,10,28
252,862,3,78505,Galletas de chocolate y cereza,6,2286.37,2019,10,28
253,866,1,16339,Galletas de chocolate y ciruela,1,13071.12,2019,10,28
254,875,3,13421,Galletas de chocolate y coco,3,3886.69,2019,10,29
255,882,2,14732,Galletas de chocolate y fresa,1,4917.57,2019,10,30
256,886,2,29216,Galletas de chocolate y frutas,3,7374.27,2019,11,3
257,888,2,99379,Galletas de chocolate y frutos secos,3,3128.65,2019,11,5
258,889,4,23739,Galletas de chocolate y galleta,4,1419.36,2019,11,10
259,889,3,13210,Galletas de chocolate y jengibre,4,1919.51,2019,11,11
260,892,1,60669,Galletas de chocolate y leche,5,13504.69,2019,11,12
261,894,3,72015,Galletas de chocolate y menta,2,8331.21,2019,11,14
262,904,3,70947,Galletas de chocolate y miel,2,592.49,2019,11,18
263,912,3,89482,Galletas de chocolate y naranja,6,8636.51,2019,11,18
264,916,4,83851,Galletas de chocolate y nueces,4,5023.71,2019,11,22
265,920,4,14941,Galletas de chocolate y vainilla,6,12402.58,2019,11,23
266,930,3,35341,Galletas de chocolate y yogur,1,11613.48,2019,11,25
267,964,1,17258,Galletas de coco,2,500.91,2019,12,5
268,970,1,66891,Galletas de crema,5,7308.73,2019,12,11
269,974,1,43470,Galletas de especias,6,13478.71,2019,12,19
270,980,1,47355,Galletas de frutas,2,13861.89,2019,12,22
271,989,2,42939,Galletas de frutas secas,4,1669.78,2019,12,24
272,991,3,33969,Galletas de jengibre,5,9581.47,2019,12,25
273,115,4,56264,Galletas de jengibre molido,4,1142.39,2020,1,10
274,120,4,73376,Galletas de jengibre y especias,6,12919.03,2020,1,11
275,131,4,45438,Galletas de limón,1,10629.56,2020,1,12
276,141,4,80340,Galletas de maíz,1,6232.63,2020,1,14
277,141,4,82562,Galletas de mantequilla,6,12900.34,2020,1,18
278,144,4,74143,Galletas de miel,4,1710.74,2020,1,18
279,92,1,24879,Galletas de té,4,14644.16,2020,1,22
280,102,3,64363,Galletas de vainilla,3,14844.17,2020,1,23
281,115,3,42561,Galletas de yogur,2,2085.04,2020,1,25
282,120,2,67208,Galletas rellenas,2,3952.27,2020,2,3
283,131,1,60873,Galletas saladas,3,12533.36,2020,2,5
284,141,1,32798,Garbanzos,2,2009.03,2020,2,6
285,141,4,43285,Gelatina,5,4294.82,2020,2,7
286,144,4,12231,Ginebra,5,14641.09,2020,2,11
287,150,2,99716,Ginger Ale,3,5932.84,2020,2,11
288,153,3,33741,Granola,5,11800.87,2020,2,14
289,159,2,96324,Grappa,6,899.37,2020,2,19
290,169,4,67019,Grasshopper,5,1616.16,2020,2,24
291,170,2,82961,Grosellas,4,7844.44,2020,2,24
292,172,1,27791,Grosellas negras,3,6251.02,2020,2,26
293,181,3,98349,Guantes de limpieza,5,5308.91,2020,2,27
294,202,3,10670,Guayaba,3,8903.05,2020,2,28
295,215,4,55839,Guisantes,3,9522.39,2020,3,3
296,223,3,82651,Guiso de carne,5,11865.87,2020,3,4
297,235,3,57160,Guiso de pollo,6,435.7,2020,3,7
298,236,4,77508,Hamburguesas,2,14978.09,2020,3,8
299,243,3,96413,Harina,4,7388.23,2020,3,8
300,249,4,97585,Harina de almendra,1,3123.44,2020,3,16
301,279,1,24132,Harina de arroz,2,113.56,2020,3,16
302,287,2,32093,Harina de avena,2,6813.75,2020,3,18
303,305,3,99895,Harina de maíz,2,6486.29,2020,3,18
304,334,3,47467,Harina de trigo,1,13660.24,2020,3,25
305,336,4,59678,Harina integral,2,9743.08,2020,4,3
306,351,3,41174,Helados,6,5150.94,2020,4,6
307,355,2,12161,Higo,3,7501.08,2020,4,9
308,356,1,43187,Hinojo,5,7606.64,2020,4,10
309,359,2,72290,Huevos,5,5847.55,2020,4,14
310,366,4,96879,Inca Kola,3,193.06,2020,4,14
311,378,2,15174,Irish coffee,4,9701.67,2020,4,15
312,379,2,78062,Irish whiskey,2,1265.64,2020,4,15
313,384,1,35518,Jabón de manos líquido,2,5470.42,2020,4,18
314,387,2,87898,Jabón en barra,6,6060.71,2020,4,25
315,387,4,38886,Jabón para platos,6,4014.87,2020,4,28
316,401,2,19469,Jamón,3,7972.33,2020,5,4
317,402,3,13061,Jarabe de arce,1,8190.24,2020,5,5
318,424,1,93952,Jarritos (Frambuesa),1,9057.64,2020,5,7
319,429,2,88679,Jarritos (Fresa),5,7001.37,2020,5,12
320,429,1,57426,Jarritos (Lima),4,2445.81,2020,5,14
321,441,3,32636,Jarritos (Limón),1,8703.61,2020,5,14
322,442,4,55633,Jarritos (Mandarina),1,801.88,2020,5,14
323,445,3,76422,Jarritos (Manzana),4,12214.91,2020,5,15
324,447,3,39195,Jarritos (Piña),3,6451.72,2020,5,17
325,453,1,18721,Jarritos (Sandía),2,413.39,2020,5,20
326,467,4,20031,Jarritos (Tamarindo),4,10954.45,2020,5,20
327,470,1,47484,Jarritos (Toronja),6,6548.73,2020,5,28
328,493,1,25224,Jengibre,2,14300.17,2020,5,28
329,497,1,63848,Jengibre fresco,4,4639.27,2020,5,30
330,500,3,61017,Jerez,2,14545.31,2020,6,9
331,507,1,20023,Jugo concentrado,4,10637.37,2020,6,11
332,517,3,84836,Jugos,3,10808.1,2020,6,13
333,521,3,57683,Ketchup,5,3672.96,2020,6,17
334,540,2,95486,Kickstart (Cítricos),4,6690.84,2020,6,18
335,543,3,10628,Kickstart (Frutas),5,9446.06,2020,6,20
336,547,1,57287,Kir Royale,2,6141.69,2020,6,23
337,561,1,48120,Kiwano (fruta del dragón),2,12790.16,2020,6,24
338,564,2,15543,Kiwis,6,11347.85,2020,6,26
339,566,1,28027,La Croix (Cítricos),2,8576.93,2020,7,2
340,568,3,57234,La Croix (Durazno),4,6459.33,2020,7,5
341,568,2,60967,La Croix (Frambuesa),2,2098.44,2020,7,6
342,569,1,11780,La Croix (Limón),3,14342.76,2020,7,7
343,579,1,37416,Lasaña,2,14840.53,2020,7,12
344,584,4,30700,Leche,5,6175.09,2020,7,16
345,594,2,82433,Leche condensada,2,4705.56,2020,7,18
346,595,1,68623,Leche de almendras,4,3180.14,2020,7,24
347,598,3,20062,Leche de coco,6,4674.5,2020,7,25
348,598,2,22246,Leche evaporada,3,2294.45,2020,7,26
349,605,2,65908,Lechuga,6,6147.71,2020,7,29
350,608,3,25041,Lentejas,1,10103.65,2020,7,30
351,609,3,97762,Levadura,1,3668.42,2020,8,7
352,619,4,92715,Lichi,4,2185.94,2020,8,8
353,642,3,34939,Licor de café,4,14346.2,2020,8,9
354,658,4,44104,Licor de frutas,6,1498.69,2020,8,11
355,662,3,53078,Licor de menta,2,5765.0,2020,8,11
356,669,2,22990,Limones,1,2873.76,2020,8,12
357,675,1,17904,Limpiador de acero inoxidable,2,4250.82,2020,8,13
358,676,3,22988,Limpiador de alfombras,6,14643.04,2020,8,15
359,691,1,95795,Limpiador de baño,2,14480.19,2020,8,15
360,697,1,68080,Limpiador de cocina,3,6680.85,2020,8,16
361,700,4,86815,Limpiador de electrodomésticos,3,14147.9,2020,8,18
362,706,1,99884,Limpiador de filtros de campana,4,12018.99,2020,8,25
363,707,4,44650,Limpiador de horno,6,8379.82,2020,9,4
364,715,1,81922,Limpiador de inodoros,2,8229.28,2020,9,12
365,716,2,34794,Limpiador de manchas de aceite,2,12436.13,2020,9,12
366,721,2,59598,Limpiador de manchas de aceite de cocina,2,4383.36,2020,9,13
367,724,4,22973,Limpiador de manchas de aceite de oliva,5,309.56,2020,9,14
368,740,4,70931,Limpiador de manchas de aceites esenciales,6,14884.62,2020,9,18
369,743,1,29047,Limpiador de manchas de adhesivos,5,2418.73,2020,9,21
370,746,3,85586,Limpiador de manchas de alimentos,1,9065.74,2020,10,3
371,755,3,37300,Limpiador de manchas de arroz,1,13471.63,2020,10,5
372,761,2,99543,Limpiador de manchas de barro,4,1262.23,2020,10,10
373,772,3,98608,Limpiador de manchas de batidos,2,8480.47,2020,10,18
374,780,1,99321,Limpiador de manchas de batidos de frutas,4,13569.24,2020,10,21
375,789,2,79000,Limpiador de manchas de café,5,13683.47,2020,10,22
376,798,4,46465,Limpiador de manchas de café con leche,5,7509.46,2020,10,26
377,803,2,46098,Limpiador de manchas de cera,1,11029.5,2020,11,1
378,805,1,38235,Limpiador de manchas de ceras,3,13573.97,2020,11,1
379,821,2,60175,Limpiador de manchas de chicle,1,2310.82,2020,11,2
380,846,3,46816,Limpiador de manchas de chocolate,2,835.74,2020,11,3
381,849,4,83036,Limpiador de manchas de chocolate caliente,5,2630.12,2020,11,3
382,855,2,24250,Limpiador de manchas de cosméticos,2,12704.05,2020,11,4
383,858,1,73933,Limpiador de manchas de crema,1,987.3,2020,11,6
384,863,3,35234,Limpiador de manchas de esmalte,2,14281.73,2020,11,8
385,871,4,43767,Limpiador de manchas de esmalte de uñas,1,582.32,2020,11,8
386,871,3,50788,Limpiador de manchas de fruta,2,7630.33,2020,11,13
387,875,1,60278,Limpiador de manchas de frutas cítricas,1,9815.51,2020,11,13
388,877,4,46397,Limpiador de manchas de gelatina,5,7270.35,2020,11,14
389,881,4,31892,Limpiador de manchas de gelatinas de colores,5,2087.94,2020,11,14
390,884,4,61072,Limpiador de manchas de grasa,6,12738.69,2020,11,15
391,885,3,57695,Limpiador de manchas de grasa en la ropa,1,4185.88,2020,11,17
392,897,2,38399,Limpiador de manchas de helados,4,7874.24,2020,11,17
393,902,2,30471,Limpiador de manchas de hierba,1,8113.9,2020,11,18
394,904,2,74431,Limpiador de manchas de jugos,4,2790.99,2020,11,20
395,907,2,56958,Limpiador de manchas de ketchup,1,1165.4,2020,11,22
396,932,2,33365,Limpiador de manchas de leche,6,4376.21,2020,11,24
397,933,4,71331,Limpiador de manchas de líquidos para escribir,6,3601.62,2020,11,24
398,935,4,30209,Limpiador de manchas de maquillaje,3,7998.18,2020,11,26
399,937,4,71505,Limpiador de manchas de mayonesa,6,5147.33,2020,11,28
400,938,3,30008,Limpiador de manchas de miel,5,4604.82,2020,12,3
401,938,1,22062,Limpiador de manchas de pasta,4,7803.8,2020,12,7
402,940,2,15290,Limpiador de manchas de pegamento,4,5999.11,2020,12,10
403,945,2,41761,Limpiador de manchas de pintura,2,14546.69,2020,12,13
404,979,3,41100,Limpiador de manchas de pintura acrílica,6,7979.87,2020,12,16
405,979,4,49843,Limpiador de manchas de refrescos,2,13900.02,2020,12,17
406,982,2,85519,Limpiador de manchas de rotulador,5,5649.84,2020,12,20
407,983,4,54914,Limpiador de manchas de rotuladores permanentes,2,12469.76,2020,12,21
408,989,1,62647,Limpiador de manchas de salsa de soja,2,14859.37,2020,12,22
409,994,4,44555,Limpiador de manchas de salsa picante,2,3731.67,2020,12,23
410,1000,2,98835,Limpiador de manchas de salsas,5,163.45,2020,12,25
411,6,3,88752,Limpiador de manchas de sangre,4,13666.79,2021,12,26
412,39,2,20033,Limpiador de manchas de silicona,2,14632.67,2021,1,5
413,46,3,74652,Limpiador de manchas de sirope,3,4169.55,2021,1,5
414,55,2,62111,Limpiador de manchas de sorbete,3,6537.83,2021,1,5
415,61,2,44641,Limpiador de manchas de sudor,4,8292.99,2021,1,8
416,69,2,95239,Limpiador de manchas de tierra,5,9680.45,2021,1,9
417,72,2,75905,Limpiador de manchas de tinta,2,1822.26,2021,1,12
418,84,3,48483,Limpiador de manchas de tinta de bolígrafo,3,899.31,2021,1,17
419,88,3,80877,Limpiador de manchas de tinta de marcadores,1,3626.93,2021,1,21
420,96,2,77054,Limpiador de manchas de vinagre,4,6323.01,2021,1,24
421,112,1,50724,Limpiador de manchas de vino,3,12947.65,2021,1,24
422,127,4,79001,Limpiador de manchas de yogur,5,10765.01,2021,1,24
423,134,1,92190,Limpiador de parrillas,6,13382.6,2021,1,28
424,135,1,57124,Limpiador de pisos,6,6186.05,2021,2,19
425,135,3,65575,Limpiador de superficies,1,4289.62,2021,2,3
426,140,4,71261,Limpiador de tapicería,2,9634.23,2021,2,27
427,143,1,90518,Limpiador de vidrio,1,3238.76,2021,2,28
428,144,2,40842,Limpiador multiusos,4,14486.74,2021,2,11
429,150,2,42001,Long Island iced tea,4,12153.34,2021,2,2
430,155,3,97771,Macarrones,3,4029.0,2021,2,13
431,156,4,66071,Mai tai,4,9278.8,2021,2,25
432,159,3,10388,Maíz,6,12695.45,2021,2,14
433,162,3,28334,Mangos,1,665.09,2021,2,15
434,176,1,40224,Mantequilla,4,2089.48,2021,2,22
435,182,1,44247,Mantequilla de maní,3,10909.36,2021,2,13
436,189,3,98762,Manzanas,6,14229.59,2021,2,9
437,192,3,72512,Manzanita Sol,6,12081.18,2021,2,20
438,194,1,98510,Margarita,1,1481.71,2021,3,22
439,212,2,86637,Mariscos,6,9221.7,2021,3,26
440,213,2,51245,Martini,3,11111.53,2021,3,18
441,231,4,98196,Mayonesa,5,2978.98,2021,3,16
442,236,4,47079,Mellow Yellow,3,7493.21,2021,3,25
443,237,1,32119,Melón cantalupo,2,11568.28,2021,3,27
444,239,2,77717,Melón honeydew,5,4192.65,2021,3,10
445,239,2,17763,Melones,3,6664.24,2021,3,23
446,265,2,79455,Menta,4,7919.66,2021,3,25
447,282,2,80211,Mermelada,6,3060.91,2021,3,4
448,292,2,26509,Mezcal,1,5639.21,2021,4,14
449,295,1,32341,Miel,5,14611.42,2021,4,14
450,299,2,39765,Mint julep,2,12727.55,2021,4,2
451,303,3,70632,Mojito,2,564.72,2021,4,28
452,310,2,48352,Moras,2,14219.18,2021,4,8
453,311,1,59240,Mostaza,5,7933.36,2021,4,17
454,315,4,25045,Mountain Dew,5,2707.07,2021,4,3
455,323,3,12777,Mountain Dew Cero Azúcar,1,4094.89,2021,4,22
456,328,4,83179,Moxie,6,14653.07,2021,4,19
457,330,3,76969,Mudslide,1,1896.28,2021,4,28
458,330,3,92906,Nabos,2,3365.56,2021,5,12
459,348,4,91230,Naranjas,6,11945.34,2021,5,9
460,355,3,46729,Nectarina,3,7175.79,2021,5,13
461,357,4,40301,Negroni,6,3430.91,2021,5,9
462,365,2,10979,Nueces,5,4173.97,2021,5,20
463,372,4,11958,Nueces (frescas),1,8954.13,2021,5,15
464,373,1,93174,Nuggets de pollo,2,4971.55,2021,5,30
465,389,1,90266,Old fashioned,3,5342.39,2021,5,6
466,410,4,11360,Oporto,2,12983.04,2021,5,13
467,420,3,87794,Paloma,6,5896.13,2021,5,8
468,437,3,11828,Palomitas de maíz,5,9417.57,2021,5,12
469,438,3,47235,Pan,6,10115.95,2021,5,15
470,453,3,10440,Pan de molde,6,11963.67,2021,5,17
471,465,4,30977,Paños de microfibra,5,5713.48,2021,5,30
472,468,1,73914,Papas,3,1943.25,2021,5,29
473,468,3,75828,Papaya,3,13766.23,2021,5,15
474,493,2,58550,Papaya verde,5,14245.38,2021,5,5
475,498,4,92485,Papel toalla,5,626.75,2021,5,30
476,502,4,59328,Pasta,5,3216.98,2021,5,2
477,503,3,28194,Pasta de aceituna,1,6227.74,2021,6,17
478,510,2,98528,Pasta de ajo,5,7691.25,2021,6,17
479,510,3,23346,Pasta de almendra,1,5126.74,2021,6,2
480,518,2,82224,Pasta de curry,2,14942.0,2021,6,5
481,528,3,37828,Pasta de maní,5,4307.68,2021,6,29
482,531,1,97921,Pasta de tomate,4,12655.92,2021,6,2
483,538,2,66966,Pasta de trigo,1,4054.88,2021,6,25
484,546,4,29499,Pasta integral,5,4360.96,2021,6,4
485,549,4,14937,Pasteles,3,7610.59,2021,6,29
486,550,2,46229,Patatas fritas,3,466.57,2021,6,21
487,558,4,95563,Pepinos,4,11307.99,2021,6,20
488,563,3,37581,Pepsi,2,14845.91,2021,6,5
489,569,1,45010,Pepsi Cero Azúcar,2,8135.82,2021,6,13
490,571,2,89616,Pepsi Max,5,376.75,2021,6,12
491,576,1,79672,Pepsi Wild Cherry,2,1048.86,2021,6,18
492,591,3,78250,Peras,3,7527.24,2021,6,16
493,591,2,32980,Perejil,1,4063.45,2021,6,23
494,593,1,73131,Perrier,1,13862.14,2021,6,12
495,594,1,99824,Pescado,3,2845.74,2021,6,25
496,598,4,69560,Pescado enlatado,2,9186.95,2021,6,18
497,599,2,68095,Physalis,4,12949.51,2021,7,10
498,605,2,19602,Pimienta,3,244.31,2021,7,12
499,609,2,35581,Pimiento jalapeño,2,2229.34,2021,7,2
500,611,1,18061,Pimientos,6,3225.65,2021,7,7
501,612,4,87855,Pimientos (amarillos),4,13050.59,2021,7,3
502,627,1,22013,Pimientos (rojos),5,11079.18,2021,7,26
503,637,3,64830,Pimientos (verdes),1,10364.03,2021,7,19
504,645,2,69422,Pimm's Cup,4,4716.5,2021,7,19
505,671,1,46828,Pina colada,2,8888.97,2021,7,17
506,676,4,32261,Piña,5,10343.78,2021,7,22
507,676,4,14261,Piña colada,5,10462.46,2021,7,15
508,691,3,14708,Piña colada de fresa,3,11492.22,2021,7,11
509,699,2,15481,Pisco,6,6696.87,2021,7,17
510,701,3,69463,Pistachos,5,8040.92,2021,7,7
511,708,3,14650,Pizza congelada,4,6893.68,2021,8,16
512,709,3,71442,Planter's punch,5,13938.24,2021,8,11
513,720,4,24094,Plátanos,6,7164.32,2021,8,21
514,725,4,54239,Polar Seltzer (Cítricos),5,14318.02,2021,8,13
515,738,4,17237,Polar Seltzer (Durazno),2,2535.79,2021,8,1
516,741,1,35866,Polar Seltzer (Frambuesa),2,6597.52,2021,8,3
517,747,2,76059,Polar Seltzer (Limón),3,7754.35,2021,8,4
518,756,3,38768,Pollo,6,14224.75,2021,9,3
519,757,2,69941,Polvo de proteína,2,13576.72,2021,9,13
520,763,4,82772,Polvo para hornear,4,5246.73,2021,9,25
521,764,4,91698,Prosecco,4,14651.67,2021,9,21
522,766,4,99102,Pudin instantáneo,5,11296.51,2021,9,7
523,770,2,42820,Puerros,6,1644.28,2021,9,17
524,771,2,99336,Queso,5,10507.96,2021,9,16
525,772,4,93241,Quinoa,1,8414.42,2021,9,8
526,780,4,82547,Quitagrasas,3,5305.95,2021,9,15
527,784,4,87739,Quitamanchas,3,2485.23,2021,9,4
528,787,4,71076,Rábano,1,2935.28,2021,9,8
529,792,4,86666,Rábano picante,1,12279.79,2021,9,25
530,793,2,70738,Rambután,3,14397.94,2021,10,16
531,802,4,68646,Ramos gin fizz,3,12000.81,2021,10,16
532,828,2,40951,Remolacha amarilla,3,8735.12,2021,10,21
533,837,1,99561,Removedor de manchas,2,784.4,2021,10,29
534,838,1,86733,Repollo,1,9892.97,2021,10,9
535,840,1,42361,Res,5,11464.21,2021,11,30
536,844,4,13189,Rob Roy,2,3352.87,2021,11,9
537,850,3,94078,Romero,3,9309.88,2021,11,21
538,851,3,95262,Ron,3,14626.39,2021,11,1
539,853,1,36844,Rúcula,4,2044.51,2021,11,12
540,863,4,76867,7UP,1,12143.6,2021,11,12
541,881,2,93954,7UP Cero Azúcar,6,2576.44,2021,11,12
542,890,2,75549,A&W Cero Azúcar,3,2598.65,2021,11,15
543,891,3,27842,A&W Root Beer,4,13417.33,2021,11,23
544,898,2,98469,Abrillantador de muebles,5,8636.53,2021,12,4
545,911,1,78167,Absenta,4,6769.57,2021,12,10
546,918,2,69643,Aceite de cacahuete,3,8099.9,2021,12,7
547,937,3,96771,Aceite de canola,5,530.92,2021,12,11
548,940,3,79747,Aceite de coco,6,1347.44,2021,12,5
549,958,2,99950,Aceite de girasol,2,3251.25,2021,12,16
550,961,3,32849,Aceite de oliva,1,8117.41,2021,12,30
551,962,1,44147,Aceite de oliva virgen extra,4,8454.5,2021,12,5
552,966,2,12005,Aceite de sésamo,2,10875.58,2021,12,8
553,986,3,27970,Aceite de trufa,4,3426.74,2021,12,10
554,986,4,54431,Aceite vegetal,1,9371.75,2021,12,21
555,993,3,26954,Aceitunas,4,7024.1,2021,12,18
556,994,4,93945,Agua con gas,2,13817.66,2021,12,18
557,1002,1,76437,Agua embotellada,3,12646.25,2021,12,19
558,6,2,70943,Agua mineral,4,1073.98,2022,3,21
559,11,1,80015,Aguacate,3,3978.58,2022,1,27
560,12,4,68591,AHA Sparkling Water (Cítricos),3,4554.25,2022,10,1
561,25,2,91481,AHA Sparkling Water (Durazno),6,1929.59,2022,7,25
562,39,2,46325,AHA Sparkling Water (Fresa),5,12236.06,2022,9,1
563,40,4,49196,AHA Sparkling Water (Jengibre),5,5272.83,2022,8,8
564,57,2,60572,Ajo,3,3215.82,2022,6,1
565,66,3,48425,Albahaca,6,10919.09,2022,3,4
566,68,4,65351,Albahaca tailandesa,5,9981.55,2022,10,29
567,70,1,51742,Alcachofas,6,11796.38,2022,2,5
568,82,1,76653,Alcaparras,5,8580.34,2022,10,3
569,83,3,35308,Algodón de azúcar,4,3416.6,2022,10,18
570,84,4,87715,Almendras,2,8313.21,2022,8,30
571,87,2,74344,Almendras (frescas),6,4110.1,2022,12,20
572,87,1,87591,Alubias blancas,6,5874.02,2022,2,6
573,96,1,64403,Amaretto,6,3191.59,2022,11,7
574,100,2,67608,Amaretto sour,1,6101.4,2022,3,1
575,100,3,36316,Ambientador,5,14449.32,2022,5,27
576,116,4,21782,Aperol Spritz,4,6893.98,2022,8,10
577,122,1,21247,Apio,5,6262.56,2022,1,28
578,132,4,33773,Apio nabo,2,6781.29,2022,3,15
579,141,4,52860,Arándanos,6,5182.04,2022,10,11
580,144,1,55703,Arroz,1,7805.58,2022,2,2
581,148,2,63032,Arroz basmati,1,7772.74,2022,6,10
582,155,2,60305,Arroz integral,5,7013.53,2022,3,16
583,157,4,25115,Arroz jazmín,4,932.48,2022,5,12
584,178,1,52459,Arroz para risotto,2,11671.45,2022,2,3
585,181,4,63035,Arroz para sushi,4,1056.85,2022,7,26
586,182,2,89693,Atún enlatado,4,726.87,2022,10,9
587,186,2,40172,Avena,2,14180.91,2022,12,10
588,191,2,39781,Azúcar,6,14620.45,2022,1,18
589,197,1,64019,Azúcar blanco,3,377.82,2022,9,19
590,203,4,96196,Azúcar glas,2,5932.58,2022,5,3
591,226,2,87063,Azúcar moreno,2,7648.68,2022,7,5
592,247,2,16487,Bai Bubbles (Cítricos),2,14505.3,2022,4,22
593,253,1,46878,Bai Bubbles (Moras),6,1839.95,2022,10,17
594,258,1,90851,Baijiu,2,3441.32,2022,1,4
595,265,3,79286,Barq's Root Beer,2,5535.44,2022,10,17
596,277,3,70480,Barritas de granola,2,6359.94,2022,10,20
597,282,4,76579,Barritas energéticas,5,9441.37,2022,10,27
598,282,4,67378,Bebidas carbonatadas,3,14160.9,2022,8,18
599,285,4,31508,Bebidas deportivas,1,5352.1,2022,4,18
600,339,3,46054,Bebidas en polvo,2,14182.87,2022,11,27
601,342,2,23996,Bebidas energéticas,5,12867.92,2022,1,13
602,346,4,47312,Bebidas gaseosas,5,1904.01,2022,10,18
603,349,4,55031,Bellini,4,3673.05,2022,8,5
604,353,3,90115,Berenjena blanca,3,13342.43,2022,1,9
605,355,3,78683,Berenjena japonesa,6,10501.32,2022,9,21
606,364,2,13773,Berenjenas,6,7947.96,2022,1,19
607,378,2,37042,Berros,3,10622.56,2022,1,9
608,382,1,35207,Betabel (remolacha),4,14474.54,2022,7,22
609,390,1,23006,Black Russian,5,12308.07,2022,9,4
610,396,1,71464,Blue Hawaii,2,5794.06,2022,4,8
611,421,2,83046,Blue Lagoon,5,7334.3,2022,9,13
612,428,1,82267,Bolsas de basura,1,13499.89,2022,1,26
613,432,2,24684,Bourbon,6,7640.78,2022,9,2
614,434,2,74756,Bramble,2,11685.49,2022,8,8
615,437,4,39879,Brandy,1,4452.16,2022,3,28
616,446,2,53384,Brócoli,2,5457.38,2022,3,11
617,462,4,29421,Brotes de bambú,5,9918.88,2022,7,13
618,465,4,54673,Cacahuetes,2,8768.66,2022,9,27
619,468,1,29787,Cacao en polvo,2,6619.73,2022,3,25
620,480,3,72989,Café,5,7208.5,2022,5,25
621,482,2,54828,Café molido,6,8119.39,2022,5,9
622,485,3,22807,Caipirinha,4,14537.74,2022,1,15
623,491,2,88627,Calabacín,3,4428.02,2022,11,16
624,495,1,11485,Calabazas,4,13755.55,2022,2,19
625,500,1,19937,Caldo de pollo,2,14110.9,2022,11,1
626,505,4,73703,Caldo de res,3,4064.42,2022,5,26
627,508,1,79103,Caldo de verduras,6,5948.27,2022,8,14
628,516,4,57368,Caldo en cubos,6,7521.19,2022,11,1
629,520,1,73678,Caldo en polvo,6,14057.49,2022,1,13
630,522,3,68983,Canada Dry,5,8755.48,2022,4,27
631,529,4,50046,Canada Dry Cero Azúcar,4,175.8,2022,2,27
632,531,4,76752,Canada Dry Ginger Ale,3,14332.75,2022,5,21
633,540,4,41252,Canada Dry Tonic Water,4,11470.59,2022,6,28
634,544,4,51036,Canónigos,6,7682.18,2022,3,26
635,567,1,91685,Cape Codder,4,8337.41,2022,6,29
636,575,1,46929,Castañas,3,7890.35,2022,11,2
637,585,3,45509,Castañas de agua,2,8962.63,2022,6,5
638,586,2,75154,Cebollas,2,9436.9,2022,3,20
639,591,1,34063,Cebollitas de verdeo,3,11854.54,2022,3,13
640,599,3,50132,Cepillo para fregar,2,526.33,2022,10,14
641,607,1,23742,Cerdo,2,1818.47,2022,2,6
642,609,3,59403,Cereales,2,11404.39,2022,2,12
643,612,3,32174,Cereales para desayuno,2,14198.42,2022,11,26
644,629,4,95653,Cereza,4,8830.64,2022,2,17
645,639,1,87238,Cerveza,3,3261.09,2022,12,30
646,651,3,35066,Cerveza ale,4,8826.36,2022,9,1
647,655,3,21842,Cerveza alemana,2,5003.41,2022,12,29
648,656,3,16476,Cerveza artesanal,5,10795.86,2022,6,22
649,660,2,79471,Cerveza belga,6,13525.31,2022,12,6
650,661,4,22513,Cerveza de frutas,2,8201.27,2022,10,18
651,667,3,31542,Cerveza de jengibre,3,1761.62,2022,3,16
652,671,1,25897,Cerveza de trigo,3,11638.88,2022,4,28
653,672,3,12685,Cerveza escocesa,5,739.62,2022,10,25
654,675,4,29698,Cerveza india,4,8765.79,2022,12,27
655,680,2,90054,Cerveza IPA (India Pale Ale),1,13584.54,2022,9,28
656,682,3,79545,Cerveza lager,5,6662.81,2022,7,10
657,683,2,27386,Cerveza mexicana,3,6428.44,2022,7,11
658,685,2,63279,Cerveza negra,4,11061.04,2022,10,19
659,692,2,94405,Cerveza porter,2,624.85,2022,5,18
660,736,2,12491,Cerveza sin alcohol,6,4700.08,2022,5,7
661,738,3,97617,Cerveza stout,3,1726.8,2022,9,9
662,743,1,46732,Champán,5,10015.92,2022,3,30
663,752,1,22697,Champiñones,5,7636.44,2022,12,16
664,755,1,52930,Cheerwine,6,11434.93,2022,1,12
665,756,1,19349,Cheerwine Cero Azúcar,3,14043.93,2022,7,4
666,759,2,76165,Chiles chipotles,5,1382.44,2022,6,14
667,762,3,78937,Chiles habaneros,3,10662.16,2022,8,4
668,768,3,70634,Chiles poblanos,5,9922.42,2022,12,13
669,771,2,45979,Chiles serranos,1,12395.55,2022,10,15
670,775,4,12251,Chips de tortilla,6,3214.84,2022,7,22
671,775,1,71851,Chocolate en polvo,1,2450.14,2022,7,3
672,785,1,13885,Chocolate para derretir,1,5064.68,2022,8,30
673,787,3,77202,Chocolates,3,7236.77,2022,5,21
674,800,3,23588,Cilantro,5,7512.07,2022,8,25
675,801,4,37058,Ciruelas,2,7787.98,2022,2,28
676,804,2,20415,Clericot,5,13398.17,2022,7,19
677,806,4,54797,Coca-Cola,4,13604.58,2022,10,22
678,809,3,43257,Coca-Cola Caffeine Free,5,9446.92,2022,6,20
679,827,1,88577,Coca-Cola Cero Azúcar,2,14904.12,2022,12,8
680,835,2,20997,Coca-Cola Cherry,2,1315.85,2022,3,14
681,837,2,69912,Coca-Cola Light,2,12457.17,2022,1,6
682,869,1,61018,Coca-Cola Vanilla,6,8301.9,2022,1,25
683,871,4,76077,Coca-Cola Zero,2,6166.01,2022,5,15
684,884,3,11387,Coco rallado,3,13025.72,2022,12,26
685,885,4,85917,Cognac,6,3330.17,2022,4,22
686,893,3,90797,Col rizada (kale),5,9233.05,2022,8,2
687,894,2,66602,Coliflor,6,10185.72,2022,8,3
688,900,2,83970,Cosmopolitan,3,6910.35,2022,12,16
689,908,2,15083,Crema de almendra,1,12924.73,2022,7,26
690,909,1,70958,Crema de cacahuate,3,10888.29,2022,9,18
691,911,2,40701,Croissants,3,14459.72,2022,6,29
692,912,1,52281,Crush Fresa,5,8927.04,2022,3,15
693,923,3,88269,Crush Naranja,4,8958.78,2022,4,15
694,928,3,52455,Crush Piña,3,1748.5,2022,3,9
695,930,1,62274,Crush Uva,1,14028.16,2022,7,3
696,958,3,40765,Curaçao,4,12001.67,2022,9,20
697,961,3,30208,Cúrcuma,5,4542.9,2022,3,23
698,965,4,48279,Cuscús,6,8605.45,2022,5,10
699,965,1,41875,Daiquiri,1,13415.74,2022,12,16
700,967,4,58692,Descalcificador,4,9364.24,2022,2,7
701,971,3,37569,Desinfectante en spray,3,8369.9,2022,7,1
702,1000,1,99092,Desinfectante para manos,6,3727.37,2022,1,19
703,2,3,59123,Desodorante de tela,6,6889.66,2023,3,3
704,3,1,81181,Detergente en polvo para ropa,4,8619.51,2023,10,4
705,15,1,11016,Detergente líquido para ropa,4,10213.81,2023,4,12
706,19,1,22831,Detergente para lavavajillas,5,12625.09,2023,1,15
707,29,3,21532,Detergente para limpieza en seco,1,170.21,2023,2,1
708,30,2,79958,Disolvente,2,11004.15,2023,6,24
709,33,2,44354,Dr. Pepper,3,12331.8,2023,8,29
710,43,3,41743,Dr. Pepper Cero Azúcar,5,10765.7,2023,3,11
711,45,3,48417,Dulces,4,11247.89,2023,3,4
712,46,2,69340,Duraznos,6,10991.94,2023,12,6
713,47,3,20391,Empanadas,6,5660.76,2023,1,16
714,65,2,83936,Endibias,1,13462.91,2023,3,21
715,65,2,99657,Ensalada de atún,2,13257.48,2023,7,24
716,66,4,45769,Ensalada de pollo,2,2001.42,2023,4,23
717,72,2,47312,Escarola,4,11027.91,2023,4,19
718,91,4,42114,Espaguetis,1,12983.57,2023,5,15
719,101,2,56820,Especias (ajo en polvo),3,3457.2,2023,12,7
720,102,2,95184,Especias (canela),2,898.47,2023,8,26
721,103,1,96596,Especias (cebolla en polvo),3,3251.9,2023,12,12
722,104,2,45336,Especias (comino),1,10796.58,2023,10,23
723,104,2,37361,Especias (cúrcuma),4,12309.39,2023,3,13
724,126,3,23136,Especias (orégano),5,1239.3,2023,10,8
725,126,3,49261,Especias (paprika),3,14981.71,2023,3,12
726,129,4,33671,Especias (pimienta),3,4522.21,2023,11,24
727,141,4,46344,Especias (romero),3,5822.87,2023,7,16
728,144,3,43548,Especias (tomillo),1,10042.25,2023,1,19
729,145,4,48912,Espinacas,5,5415.25,2023,8,7
730,171,2,27741,Esponjas,4,1845.81,2023,7,11
731,171,1,86014,Espresso martini,2,2513.18,2023,1,15
732,176,3,65406,Estragón,2,13389.69,2023,9,26
733,182,4,12288,Estropajos,1,12457.23,2023,9,10
734,203,4,52888,Fanta Cero Azúcar,3,8985.36,2023,10,4
735,210,4,54162,Fanta Fresa,1,2851.35,2023,4,10
736,234,2,15384,Fanta Guaraná,1,11657.22,2023,9,27
737,239,3,46638,Fanta Limón,3,6618.35,2023,5,26
738,241,4,39208,Fanta Mango,1,1868.96,2023,4,21
739,245,1,98308,Fanta Naranja,5,6238.02,2023,7,5
740,251,2,18096,Fanta Piña,5,1632.48,2023,12,5
741,253,1,10786,Fanta Uva,1,552.54,2023,6,3
742,259,1,24617,French 75,6,5246.64,2023,1,17
743,259,2,24274,Fresas,1,7596.48,2023,8,13
744,264,1,41924,Frescolita,1,1018.76,2023,8,3
745,280,2,43277,Frescolita Cero Azúcar,3,6713.35,2023,9,6
746,280,2,37307,Frijoles,2,13110.65,2023,2,27
747,288,1,61557,Frijoles negros,1,14766.31,2023,10,17
748,293,2,74655,Frijoles pintos,4,9283.73,2023,11,20
749,303,3,48161,Frijoles verdes,1,553.2,2023,3,25
750,304,2,15740,Fruta de la pasión,6,14488.92,2023,1,16
751,305,3,16793,Fruta de la tierra,1,5239.55,2023,6,6
752,307,3,33878,Fruta deshidratada,6,4483.93,2023,6,12
753,314,4,42073,Fruta estrella,4,1557.8,2023,6,10
754,316,4,55883,Frutas enlatadas,4,1212.19,2023,8,13
755,320,1,52555,Frutas enlatadas,2,4223.65,2023,5,12
756,322,1,45763,Frutas frescas,4,13403.58,2023,2,3
757,342,4,56474,Frutas secas,6,5621.83,2023,1,23
758,354,4,46601,Frutas secas (ciruelas pasas),5,3409.46,2023,12,29
759,359,2,81268,Frutos secos,1,10410.91,2023,8,28
760,367,3,68043,Frutos secos (almendras),2,7653.56,2023,6,6
761,397,4,72893,Frutos secos (almendras),2,6840.32,2023,1,24
762,423,3,38258,Frutos secos (anacardos),6,7871.04,2023,3,29
763,434,4,57185,Frutos secos (nueces),1,1928.14,2023,7,30
764,438,4,75782,Frutos secos (nueces),4,3951.57,2023,2,22
765,442,4,27271,Frutos secos (pecanas),5,12545.72,2023,11,16
766,445,4,38692,Frutos secos (pistachos),5,3999.57,2023,4,24
767,447,4,26891,Fusilli,6,5656.92,2023,11,27
768,456,3,93269,Fuzzy navel,1,1226.02,2023,7,2
769,471,4,52178,Galletas,1,5714.44,2023,4,13
770,474,2,21939,Galletas de almendra,5,165.52,2023,12,9
771,480,1,12830,Galletas de arroz,6,14221.08,2023,7,21
772,488,4,93938,Galletas de avena,4,3445.69,2023,8,9
773,490,2,10799,Galletas de cacahuete,5,3469.26,2023,4,11
774,491,1,35593,Galletas de cacao,5,12937.57,2023,7,11
775,503,4,89656,Galletas de caramelo,6,2795.52,2023,4,23
776,508,1,82889,Galletas de cereza,2,9714.31,2023,10,23
777,512,4,34291,Galletas de chocolate,1,10633.9,2023,1,13
778,517,4,24135,Galletas de chocolate blanco,5,1401.95,2023,3,26
779,525,1,95932,Galletas de chocolate blanco y frambuesa,1,4098.21,2023,7,7
780,529,4,25924,Galletas de chocolate con leche,3,8429.95,2023,11,22
781,532,1,57073,Galletas de chocolate con menta,1,6247.89,2023,7,1
782,561,3,39018,Galletas de chocolate con nueces,2,8525.88,2023,6,12
783,567,4,99579,Galletas de chocolate negro,6,7334.89,2023,6,30
784,583,4,77730,Galletas de chocolate y almendra,5,5580.06,2023,6,11
785,595,1,38211,Galletas de chocolate y avellana,5,4387.24,2023,7,24
786,600,4,19977,Galletas de chocolate y avena,3,3547.05,2023,6,30
787,618,2,81220,Galletas de chocolate y cacahuete,5,971.42,2023,3,21
788,622,4,44138,Galletas de chocolate y café,3,5896.71,2023,9,26
789,629,3,59896,Galletas de chocolate y canela,3,5790.67,2023,7,18
790,635,4,86825,Galletas de chocolate y caramelo,6,2561.53,2023,12,16
791,639,4,78505,Galletas de chocolate y cereza,4,7376.7,2023,5,14
792,640,4,16339,Galletas de chocolate y ciruela,1,11619.1,2023,11,20
793,645,2,13421,Galletas de chocolate y coco,4,1356.55,2023,9,11
794,661,3,14732,Galletas de chocolate y fresa,5,4668.73,2023,7,5
795,665,3,29216,Galletas de chocolate y frutas,3,4838.81,2023,8,15
796,667,3,99379,Galletas de chocolate y frutos secos,5,7468.41,2023,7,30
797,669,3,23739,Galletas de chocolate y galleta,3,13795.23,2023,7,10
798,684,4,13210,Galletas de chocolate y jengibre,5,2553.77,2023,1,12
799,689,2,60669,Galletas de chocolate y leche,1,9557.37,2023,3,11
800,696,2,72015,Galletas de chocolate y menta,6,1686.62,2023,5,8
801,707,2,70947,Galletas de chocolate y miel,2,3770.7,2023,2,27
802,717,3,89482,Galletas de chocolate y naranja,1,3970.53,2023,5,26
803,718,1,83851,Galletas de chocolate y nueces,6,13781.89,2023,7,17
804,721,2,14941,Galletas de chocolate y vainilla,5,3608.31,2023,4,15
805,732,1,35341,Galletas de chocolate y yogur,6,8628.37,2023,8,25
806,740,2,17258,Galletas de coco,2,2919.06,2023,9,29
807,751,4,66891,Galletas de crema,3,3435.34,2023,7,27
808,751,3,43470,Galletas de especias,6,8563.37,2023,8,22
809,770,3,47355,Galletas de frutas,4,8298.15,2023,11,24
810,771,4,42939,Galletas de frutas secas,5,4970.32,2023,12,17
811,773,1,33969,Galletas de jengibre,6,13196.84,2023,6,17
812,780,2,56264,Galletas de jengibre molido,5,14891.19,2023,6,28
813,788,3,73376,Galletas de jengibre y especias,1,3144.99,2023,6,4
814,789,3,45438,Galletas de limón,6,2587.39,2023,3,3
815,796,4,80340,Galletas de maíz,3,10898.28,2023,12,7
816,806,1,82562,Galletas de mantequilla,5,6361.38,2023,3,5
817,811,2,74143,Galletas de miel,2,9972.39,2023,12,12
818,814,3,24879,Galletas de té,2,1543.96,2023,2,6
819,819,1,64363,Galletas de vainilla,4,1704.55,2023,8,8
820,831,4,42561,Galletas de yogur,6,7093.63,2023,2,23
821,846,1,67208,Galletas rellenas,5,8470.28,2023,11,17
822,848,3,60873,Galletas saladas,6,7105.09,2023,2,11
823,852,4,32798,Garbanzos,5,1022.92,2023,12,10
824,862,1,43285,Gelatina,1,11975.41,2023,5,20
825,876,1,12231,Ginebra,5,2272.95,2023,4,8
826,880,4,99716,Ginger Ale,1,2564.93,2023,8,2
827,887,4,33741,Granola,6,5055.33,2023,10,1
828,887,1,96324,Grappa,6,4269.06,2023,3,12
829,896,2,67019,Grasshopper,4,1964.51,2023,6,27
830,896,4,82961,Grosellas,3,1821.98,2023,10,2
831,897,3,27791,Grosellas negras,1,4294.47,2023,7,3
832,898,2,98349,Guantes de limpieza,3,13936.05,2023,8,24
833,900,2,10670,Guayaba,5,2598.07,2023,6,7
834,903,3,55839,Guisantes,5,10339.92,2023,12,17
835,904,4,82651,Guiso de carne,3,9188.68,2023,12,1
836,916,2,57160,Guiso de pollo,2,9095.83,2023,4,15
837,923,4,77508,Hamburguesas,6,14921.17,2023,7,24
838,927,4,96413,Harina,1,1078.99,2023,3,9
839,930,2,97585,Harina de almendra,4,6769.96,2023,3,20
840,931,4,24132,Harina de arroz,5,1608.24,2023,1,14
841,937,4,32093,Harina de avena,1,4460.74,2023,2,12
842,939,3,99895,Harina de maíz,1,10517.02,2023,7,5
843,944,4,47467,Harina de trigo,5,12495.1,2023,7,24
844,946,2,59678,Harina integral,4,4299.88,2023,1,10
845,946,4,41174,Helados,4,11055.39,2023,9,2
846,954,1,12161,Higo,2,2462.38,2023,12,8
847,964,4,43187,Hinojo,3,10161.26,2023,9,23
848,965,4,72290,Huevos,3,12199.51,2023,9,2
849,967,3,96879,Inca Kola,2,6656.36,2023,1,18
850,974,4,15174,Irish coffee,2,12634.52,2023,3,14
851,979,3,78062,Irish whiskey,3,2259.0,2023,1,26
852,980,1,35518,Jabón de manos líquido,4,2794.0,2023,7,19
853,980,4,87898,Jabón en barra,1,2391.19,2023,9,27
854,982,2,38886,Jabón para platos,4,9532.86,2023,10,6
855,983,1,19469,Jamón,4,8313.06,2023,2,21
856,985,2,13061,Jarabe de arce,5,2414.89,2023,11,27
857,987,3,93952,Jarritos (Frambuesa),6,6233.06,2023,6,10
858,990,1,88679,Jarritos (Fresa),2,8701.47,2023,3,17
859,990,4,57426,Jarritos (Lima),2,6458.12,2023,10,26
860,995,3,32636,Jarritos (Limón),5,3698.8,2023,9,23
861,1001,2,55633,Jarritos (Mandarina),5,3655.59,2023,3,12
862,20,1,76422,Jarritos (Manzana),4,7333.26,2024,1,28
863,39,4,20031,Jarritos (Tamarindo),2,7202.79,2024,1,14
864,82,1,61017,Jerez,4,9612.38,2024,1,4
865,152,4,10628,Kickstart (Frutas),1,13804.85,2024,1,3
866,379,2,85586,Limpiador de manchas de alimentos,3,977.83,2024,1,6
867,389,2,37300,Limpiador de manchas de arroz,6,10380.11,2024,1,19
868,543,3,41100,Limpiador de manchas de pintura acrílica,3,9104.37,2024,1,8
869,664,3,80877,Limpiador de manchas de tinta de marcadores,3,4010.41,2024,1,18
870,707,2,90518,Limpiador de vidrio,6,7605.52,2024,1,6
871,754,3,28334,Mangos,2,4756.7,2024,1,7
872,870,3,79455,Menta,1,608.93,2024,1,19
873,217,4,20062,Leche de coco,2,11970.66,2024,2,18
874,432,3,73933,Limpiador de manchas de crema,3,4449.89,2024,2,17
875,436,2,60278,Limpiador de manchas de frutas cítricas,1,8882.67,2024,2,28
876,455,1,57695,Limpiador de manchas de grasa en la ropa,4,14257.14,2024,2,14
877,495,4,56958,Limpiador de manchas de ketchup,3,3495.6,2024,2,7
878,526,2,22062,Limpiador de manchas de pasta,3,5787.81,2024,2,1
879,526,4,15290,Limpiador de manchas de pegamento,6,740.88,2024,2,25
880,623,2,20033,Limpiador de manchas de silicona,5,9995.51,2024,2,6
881,645,4,44641,Limpiador de manchas de sudor,1,8411.76,2024,2,21
882,780,3,86637,Mariscos,3,11191.15,2024,2,22
883,784,4,98196,Mayonesa,3,10351.7,2024,2,17
884,30,2,18721,Jarritos (Sandía),4,11453.99,2024,3,20
885,148,2,95486,Kickstart (Cítricos),1,8639.07,2024,3,8
886,163,3,28027,La Croix (Cítricos),5,8620.09,2024,3,23
887,235,1,22246,Leche evaporada,5,2277.3,2024,3,30
888,256,4,34939,Licor de café,3,12749.56,2024,3,25
889,270,2,53078,Licor de menta,5,5543.75,2024,3,9
890,405,1,99321,Limpiador de manchas de batidos de frutas,2,5470.09,2024,3,17
891,428,2,38235,Limpiador de manchas de ceras,6,11187.55,2024,3,5
892,431,2,83036,Limpiador de manchas de chocolate caliente,4,11223.94,2024,3,29
893,616,4,88752,Limpiador de manchas de sangre,4,9787.0,2024,3,6
894,676,4,92190,Limpiador de parrillas,2,9645.36,2024,3,2
895,767,2,40224,Mantequilla,3,13992.79,2024,3,7
896,960,4,40301,Negroni,2,4841.86,2024,3,13
897,140,4,57683,Ketchup,5,14517.25,2024,4,5
898,194,1,30700,Leche,2,2849.25,2024,4,28
899,246,1,97762,Levadura,6,11516.46,2024,4,20
900,248,2,92715,Lichi,1,7732.54,2024,4,16
901,287,4,22990,Limones,2,2560.57,2024,4,3
902,307,4,95795,Limpiador de baño,4,750.63,2024,4,16
903,422,1,46465,Limpiador de manchas de café con leche,1,3467.44,2024,4,25
904,432,1,35234,Limpiador de manchas de esmalte,4,12566.37,2024,4,26
905,561,4,49843,Limpiador de manchas de refrescos,4,473.5,2024,4,28
906,734,1,10388,Maíz,3,12207.37,2024,4,19
907,794,2,47079,Mellow Yellow,4,14817.88,2024,4,22
908,63,1,25224,Jengibre,2,14582.55,2024,5,6
909,103,3,20023,Jugo concentrado,5,14971.28,2024,5,17
910,243,3,65908,Lechuga,1,13417.04,2024,5,21
911,344,2,44650,Limpiador de horno,3,5513.68,2024,5,30
912,430,3,46816,Limpiador de manchas de chocolate,2,8898.99,2024,5,30
913,612,4,98835,Limpiador de manchas de salsas,1,11793.35,2024,5,29
914,705,3,71261,Limpiador de tapicería,6,7381.54,2024,5,17
915,208,1,68623,Leche de almendras,3,11351.79,2024,6,16
916,291,1,22988,Limpiador de alfombras,1,3002.06,2024,6,14
917,351,4,81922,Limpiador de inodoros,3,6998.39,2024,6,11
918,515,1,30209,Limpiador de manchas de maquillaje,5,3263.07,2024,6,19
919,522,2,30008,Limpiador de manchas de miel,6,10665.25,2024,6,18
920,921,4,48352,Moras,4,6520.93,2024,6,18
921,935,4,83179,Moxie,5,7750.18,2024,6,23
922,202,1,82433,Leche condensada,1,6797.52,2024,7,17
923,365,2,34794,Limpiador de manchas de aceite,4,7083.82,2024,7,16
924,367,3,59598,Limpiador de manchas de aceite de cocina,4,4757.01,2024,7,24
925,454,2,61072,Limpiador de manchas de grasa,6,14211.14,2024,7,21
926,578,4,54914,Limpiador de manchas de rotuladores permanentes,6,5807.85,2024,7,30
927,605,2,62647,Limpiador de manchas de salsa de soja,2,8586.02,2024,7,6
928,659,4,48483,Limpiador de manchas de tinta de bolígrafo,1,9278.61,2024,7,2
929,686,3,57124,Limpiador de pisos,4,5497.83,2024,7,26
930,711,3,40842,Limpiador multiusos,6,2691.08,2024,7,20
931,712,4,42001,Long Island iced tea,3,11776.65,2024,7,7
932,777,2,98762,Manzanas,1,6473.28,2024,7,15
933,896,1,26509,Mezcal,2,4758.71,2024,7,10
934,912,2,32341,Miel,2,885.94,2024,7,14
935,936,3,76969,Mudslide,3,13143.83,2024,7,22
936,164,4,57234,La Croix (Durazno),2,9775.39,2024,8,14
937,432,3,24250,Limpiador de manchas de cosméticos,1,13888.86,2024,8,18
938,444,2,31892,Limpiador de manchas de gelatinas de colores,5,7372.07,2024,8,17
939,485,3,30471,Limpiador de manchas de hierba,3,7320.82,2024,8,21
940,651,2,95239,Limpiador de manchas de tierra,4,13014.79,2024,8,21
941,667,1,77054,Limpiador de manchas de vinagre,3,10590.29,2024,8,11
942,892,2,80211,Mermelada,5,1981.82,2024,8,18
943,926,4,59240,Mostaza,3,14103.91,2024,8,12
944,933,1,12777,Mountain Dew Cero Azúcar,5,1449.29,2024,8,9
945,105,1,84836,Jugos,1,7378.16,2024,9,6
946,158,3,57287,Kir Royale,2,11677.01,2024,9,27
947,159,4,48120,Kiwano (fruta del dragón),3,4421.1,2024,9,11
948,159,1,15543,Kiwis,4,14412.34,2024,9,12
949,245,3,25041,Lentejas,2,3666.61,2024,9,28
950,268,4,44104,Licor de frutas,6,8808.77,2024,9,27
951,289,1,17904,Limpiador de acero inoxidable,6,12139.58,2024,9,18
952,311,4,68080,Limpiador de cocina,2,2442.22,2024,9,11
953,379,4,29047,Limpiador de manchas de adhesivos,5,13284.42,2024,9,14
954,396,1,99543,Limpiador de manchas de barro,3,3967.17,2024,9,28
955,403,4,98608,Limpiador de manchas de batidos,4,5795.73,2024,9,23
956,417,1,79000,Limpiador de manchas de café,1,13417.73,2024,9,6
957,441,3,46397,Limpiador de manchas de gelatina,2,13502.75,2024,9,26
958,492,4,74431,Limpiador de manchas de jugos,4,2230.86,2024,9,5
959,514,3,71331,Limpiador de manchas de líquidos para escribir,6,10323.7,2024,9,22
960,568,2,85519,Limpiador de manchas de rotulador,2,7761.1,2024,9,1
961,643,1,62111,Limpiador de manchas de sorbete,2,8917.58,2024,9,7
962,686,2,65575,Limpiador de superficies,2,6435.88,2024,9,9
963,829,4,77717,Melón honeydew,1,4837.0,2024,9,28
964,836,1,17763,Melones,1,11743.6,2024,9,11
965,931,1,25045,Mountain Dew,1,1759.67,2024,9,2
966,51,1,47484,Jarritos (Toronja),2,13403.64,2024,10,18
967,81,2,63848,Jengibre fresco,2,3066.26,2024,10,15
968,183,3,11780,La Croix (Limón),4,5109.35,2024,10,7
969,188,1,37416,Lasaña,5,9528.27,2024,10,29
970,318,3,86815,Limpiador de electrodomésticos,2,4058.79,2024,10,8
971,321,3,99884,Limpiador de filtros de campana,3,4807.6,2024,10,11
972,373,2,22973,Limpiador de manchas de aceite de oliva,1,8955.96,2024,10,9
973,436,2,50788,Limpiador de manchas de fruta,1,973.48,2024,10,11
974,611,1,44555,Limpiador de manchas de salsa picante,5,6553.34,2024,10,1
975,641,3,74652,Limpiador de manchas de sirope,1,1393.22,2024,10,2
976,673,4,79001,Limpiador de manchas de yogur,5,14336.83,2024,10,27
977,716,4,97771,Macarrones,5,711.42,2024,10,16
978,725,3,66071,Mai tai,2,968.29,2024,10,26
979,778,4,98510,Margarita,5,10561.29,2024,10,14
980,784,1,51245,Martini,1,7359.85,2024,10,9
981,801,3,32119,Melón cantalupo,4,13859.88,2024,10,13
982,938,1,92906,Nabos,3,12942.76,2024,10,25
